ID,Mes,Meta,Realizado
C258,1,12,19
C212,1,15,21
C177,1,33,67.5
C191,1,21,18
C144,1,0,4
C085,1,41,60.75
C190,1,23,36
C008,1,10,11
C138,1,25,28
C257,1,30,25.65
C073,1,11,41
C024,1,1,5
C114,1,17,25
C067,1,0,2
C178,1,38,33
C119,1,18,52.65
C244,1,22,36
C069,1,48,66.15
C110,1,15,15
C044,1,68,66.15
C049,1,11,32
C142,1,15,20
C185,1,34,47
C060,1,39,48.6
C141,1,39,66.15
C038,1,5,25
C043,1,20,33
C072,1,31,24
C097,1,16,21.6
C238,1,48,33.75
C145,1,2,20.25
C203,1,44,37
C029,1,4,7
C100,1,14,67.5
C233,1,57,64.8
C221,1,42,39
C068,1,8,6.75
C116,1,5,12.15
C056,1,46,32
C070,1,7,41
C249,1,32,29
C157,1,44,67.5
C004,1,7,44
C170,1,13,20.25
C175,1,1,1
C161,1,5,21.6
C250,1,2,49
C103,1,11,10.8
C094,1,10,64.8
C139,1,15,27
C005,1,24,33.75
C263,1,46,47.25
C096,1,24,34
C214,1,23,31.05
C033,1,49,50
C259,1,4,43
C228,1,2,5
C079,1,0,4.05
C118,1,30,27
C156,1,36,64.8
C149,1,4,6.75
C227,1,42,44
C006,1,4,6.75
C086,1,24,49.95
C089,1,2,25.65
C172,1,27,24.3
C169,1,95,67.5
C153,1,17,56.7
C115,1,1,1.35
C013,1,5,48.6
C080,1,8,63.45
C213,1,56,60.75
C001,1,12,18
C076,1,40,27
C217,1,2,12
C078,1,26,21.6
C091,1,43,32.4
C193,1,11,15
C036,1,4,21.6
C176,1,22,31.05
C111,1,13,11
C121,1,22,24
C208,1,7,21.6
C040,1,78,54
C254,1,0,34
C216,1,12,34
C061,1,10,26
C120,1,14,10
C020,1,11,13
C237,1,38,41
C155,1,12,28
C074,1,5,20
C201,1,17,26
C028,1,7,29
C189,1,8,9
C151,1,22,34
C163,1,0,32.4
C075,1,1,20
C226,1,58,45
C081,1,0,2
C164,1,4,25
C235,1,8,7
C195,1,18,35.1
C209,1,1,3
C205,1,15,40.5
C046,1,2,6
C232,1,7,37
C236,1,21,26
C101,1,3,22
C140,1,13,25.65
C187,1,0,0
C261,1,18,15
C126,1,40,45.9
C088,1,42,30
C225,1,8,12
C098,1,13,10.8
C224,1,92,67.5
C143,1,21,31
C148,1,26,35.1
C206,1,0,8.1
C071,1,9,11
C082,1,17,45
C174,1,6,5
C108,1,26,46
C042,1,3,40
C230,1,11,8
C207,1,27,27
C147,1,2,7
C202,1,30,24
C025,1,0,22.95
C112,1,43,40
C245,1,3,12
C166,1,1,37
C159,1,15,21
C229,1,16,27
C007,1,28,42
C104,1,73,67.5
C057,1,11,8.1
C135,1,18,29
C146,1,8,9
C037,1,4,4.05
C132,1,5,21.6
C223,1,24,21
C055,1,1,10.8
C093,1,14,37
C027,1,48,40
C066,1,58,47
C003,1,55,51.3
C253,1,44,47
C124,1,9,28.35
C210,1,16,16
C183,1,6,16
C130,1,27,39.15
C168,1,5,5
C117,1,31,32
C243,1,0,0
C262,1,2,25
C173,1,47,40.5
C171,1,9,13
C045,1,4,2.7
C247,1,5,19
C186,1,1,3
C059,1,22,35.1
C090,1,13,13
C180,1,34,55.35
C105,1,4,17
C219,1,21,15
C019,1,50,37.8
C154,1,0,1
C215,1,42,37.8
C222,1,87,60.75
C092,1,79,62.1
C158,1,12,26
C252,1,1,21
C181,1,4,7
C197,1,8,9.45
C077,1,62,64.8
C248,1,4,3
C010,1,44,39
C179,1,50,47
C123,1,18,14
C260,1,10,12
C083,1,5,56.7
C184,1,17,17
C051,1,12,34
C064,1,8,34
C099,1,5,4
C198,1,5,24
C134,1,0,17
C137,1,37,27
C039,1,85,67.5
C231,1,7,22.95
C162,1,46,35
C011,1,14,55.35
C220,1,7,12
C021,1,23,17.55
C241,1,0,0
C041,1,41,34
C102,1,49,66.15
C034,1,69,48.6
C188,1,53,49.95
C133,1,14,27
C136,1,10,21
C026,1,12,16
C016,1,1,33
C128,1,8,5.4
C240,1,12,16.2
C234,1,14,15
C031,1,37,36
C053,1,2,8
C032,1,18,15
C054,1,1,24
C015,1,68,62.1
C017,1,28,36.45
C255,1,1,4
C150,1,74,50
C167,1,2,10.8
C014,1,21,32
C127,1,1,41.85
C058,1,2,33.75
C109,1,19,19
C022,1,73,54
C196,1,32,27
C211,1,0,0
C065,1,42,50
C047,1,14,12
C125,1,12,50
C246,1,22,43
C199,1,13,21.6
C160,1,5,43.2
C182,1,61,41.85
C048,1,9,62.1
C107,1,3,4
C165,1,0,0
C256,1,1,11
C030,1,35,24
C242,1,60,56.7
C002,1,74,60.75
C035,1,20,36
C023,1,59,40
C200,1,13,35.1
C009,1,11,12
C251,1,18,23
C129,1,1,2
C095,1,33,41
C122,1,39,59.4
C204,1,42,66.15
C113,1,24,23
C050,1,51,38
C131,1,18,14
C052,1,6,18
C218,1,11,13
C062,1,14,15
C087,1,20,31
C194,1,50,39
C084,1,10,10
C018,1,64,50
C106,1,2,4
C152,1,14,31.05
C192,1,68,45.9
C239,1,35,47.25
C063,1,9,21.6
C012,1,43,29
C258,2,29,39
C212,2,13,9
C177,2,6,32.4
C191,2,22,28
C144,2,0,1
C085,2,18,21.6
C190,2,1,2
C008,2,31,32
C138,2,59,49
C257,2,1,2
C073,2,10,8.1
C024,2,12,48.6
C114,2,6,46
C067,2,19,45
C178,2,6,20.25
C119,2,29,21
C244,2,17,21
C069,2,60,41
C110,2,19,28
C044,2,45,49.95
C049,2,25,27
C142,2,5,36
C185,2,0,5
C060,2,25,22
C141,2,27,38
C038,2,62,50
C043,2,13,11
C072,2,21,17
C097,2,35,24
C238,2,4,4
C145,2,14,36
C203,2,31,42
C029,2,25,33
C100,2,30,21
C233,2,0,10
C221,2,0,2
C068,2,37,26
C116,2,7,6
C056,2,5,12
C070,2,37,31.05
C249,2,3,40.5
C157,2,11,25
C004,2,1,1
C170,2,8,12
C175,2,68,54
C161,2,4,10.8
C250,2,5,26
C103,2,11,33
C094,2,0,0
C139,2,27,49.95
C005,2,28,27
C263,2,25,43
C096,2,16,34
C214,2,20,23
C033,2,27,20
C259,2,7,30
C228,2,27,23
C079,2,32,44
C118,2,3,4
C156,2,57,39.15
C149,2,12,19
C227,2,0,3
C006,2,44,49.95
C086,2,31,39
C089,2,9,56.7
C172,2,21,41
C169,2,3,33
C153,2,0,8.1
C115,2,10,18
C013,2,5,46
C080,2,13,16.2
C213,2,36,24
C001,2,2,13.5
C076,2,0,19
C217,2,2,1.35
C078,2,24,22
C091,2,16,29
C193,2,17,49.95
C036,2,1,7
C176,2,17,47
C111,2,13,25
C121,2,15,11
C208,2,13,26
C040,2,19,28
C254,2,8,8
C216,2,15,64.8
C061,2,17,31
C120,2,15,38
C020,2,0,6
C237,2,46,39
C155,2,24,25
C074,2,29,28
C201,2,2,2.7
C028,2,3,16
C189,2,15,45
C151,2,29,44
C163,2,0,5
C075,2,27,20.25
C226,2,4,34
C081,2,0,2
C164,2,30,29
C235,2,1,4
C195,2,4,37
C209,2,27,20.25
C205,2,41,35.1
C046,2,34,37.8
C232,2,34,33
C236,2,7,42
C101,2,14,22
C140,2,7,39
C187,2,1,4.05
C261,2,56,60.75
C126,2,16,12
C088,2,4,8
C225,2,5,26
C098,2,27,44
C224,2,95,66.15
C143,2,6,6
C148,2,18,30
C206,2,14,21.6
C071,2,20,22.95
C082,2,7,10
C174,2,57,63.45
C108,2,5,6
C042,2,28,21.6
C230,2,3,44
C207,2,45,49.95
C147,2,0,0
C202,2,18,22
C025,2,3,9.45
C112,2,20,37
C245,2,22,47.25
C166,2,14,16.2
C159,2,3,5
C229,2,1,2
C007,2,16,67.5
C104,2,5,45
C057,2,7,11
C135,2,38,49.95
C146,2,0,0
C037,2,8,10
C132,2,1,7
C223,2,27,23
C055,2,12,37.8
C093,2,9,32.4
C027,2,10,18.9
C066,2,3,23
C003,2,4,10
C253,2,1,24.3
C124,2,0,49
C210,2,56,39
C183,2,72,48
C130,2,19,40
C168,2,18,24.3
C117,2,6,52.65
C243,2,8,24.3
C262,2,57,59.4
C173,2,31,50
C171,2,57,39
C045,2,29,42
C247,2,14,54
C186,2,33,24
C059,2,16,49
C090,2,16,46
C180,2,45,46
C105,2,3,33.75
C219,2,56,51.3
C019,2,38,52.65
C154,2,66,62.1
C215,2,17,41
C222,2,56,45
C092,2,5,34
C158,2,9,8.1
C252,2,13,11
C181,2,2,7
C197,2,31,35
C077,2,29,47.25
C248,2,57,44.55
C010,2,0,4
C179,2,0,15
C123,2,23,47
C260,2,12,10.8
C083,2,1,1
C184,2,0,18.9
C051,2,0,1
C064,2,18,47.25
C099,2,6,14
C198,2,6,39.15
C134,2,17,18
C137,2,40,28.35
C039,2,1,12
C231,2,42,32
C162,2,16,12
C011,2,28,43.2
C220,2,11,21
C021,2,27,40
C241,2,1,4
C041,2,52,35.1
C102,2,4,49
C034,2,1,20
C188,2,8,39.15
C133,2,10,9.45
C136,2,66,44.55
C026,2,1,3
C016,2,38,33
C128,2,41,31
C240,2,39,49
C234,2,16,31
C031,2,2,4
C053,2,7,7
C032,2,18,30
C054,2,16,21.6
C015,2,22,38
C017,2,8,10.8
C255,2,1,1
C150,2,19,23
C167,2,24,44
C014,2,61,43
C127,2,43,34
C058,2,2,40
C109,2,51,34
C022,2,50,55.35
C196,2,16,34
C211,2,3,24
C065,2,14,20
C047,2,23,45
C125,2,26,19
C246,2,0,0
C199,2,14,17.55
C160,2,11,8.1
C182,2,38,51.3
C048,2,9,13.5
C107,2,16,11
C165,2,13,35
C256,2,25,44.55
C030,2,17,27
C242,2,48,48.6
C002,2,20,18
C035,2,12,29
C023,2,12,11
C200,2,18,13
C009,2,0,2.7
C251,2,7,25
C129,2,47,41.85
C095,2,5,11
C122,2,64,55.35
C204,2,46,44
C113,2,0,7
C050,2,72,52.65
C131,2,4,43.2
C052,2,2,3
C218,2,0,1
C062,2,11,31
C087,2,11,21
C194,2,4,2.7
C084,2,53,44
C018,2,1,1.35
C106,2,51,43
C152,2,29,21.6
C192,2,55,44.55
C239,2,36,43
C063,2,40,37
C012,2,43,50
C258,3,31,43
C212,3,7,17
C177,3,27,18.9
C191,3,0,1
C144,3,51,49
C085,3,33,33
C190,3,10,33.75
C008,3,10,8.1
C138,3,3,4.05
C257,3,0,9.45
C073,3,35,42
C024,3,8,7
C114,3,1,22.95
C067,3,1,24
C178,3,19,14.85
C119,3,36,45
C244,3,2,16
C069,3,6,31
C110,3,52,50
C044,3,57,41
C049,3,2,4.05
C142,3,19,36
C185,3,20,21
C060,3,6,12.15
C141,3,16,13.5
C038,3,6,8.1
C043,3,21,63.45
C072,3,65,46
C097,3,19,44.55
C238,3,17,25.65
C145,3,41,49
C203,3,31,21.6
C029,3,11,32.4
C100,3,28,45
C233,3,38,36.45
C221,3,20,50
C068,3,52,45.9
C116,3,27,18
C056,3,65,64.8
C070,3,1,5
C249,3,61,45
C157,3,56,38
C004,3,5,25
C170,3,6,11
C175,3,29,37
C161,3,0,15
C250,3,58,67.5
C103,3,42,31.05
C094,3,0,4
C139,3,22,19
C005,3,0,6
C263,3,36,34
C096,3,13,28.35
C214,3,28,24
C033,3,52,64.8
C259,3,5,22.95
C228,3,10,16
C079,3,31,24.3
C118,3,30,32
C156,3,2,63.45
C149,3,0,6.75
C227,3,9,24.3
C006,3,34,23
C086,3,2,28
C089,3,14,15
C172,3,56,48.6
C169,3,2,2
C153,3,24,41.85
C115,3,4,2.7
C013,3,56,41.85
C080,3,32,62.1
C213,3,23,20
C001,3,4,9
C076,3,2,2.7
C217,3,23,40
C078,3,8,10
C091,3,25,18.9
C193,3,41,59.4
C036,3,2,4
C176,3,17,17.55
C111,3,11,9
C121,3,15,16.2
C208,3,49,63.45
C040,3,7,20.25
C254,3,3,4.05
C216,3,28,18.9
C061,3,2,3
C120,3,29,22.95
C020,3,3,66.15
C237,3,26,40
C155,3,5,15
C074,3,3,2.7
C201,3,2,6
C028,3,0,7
C189,3,15,32
C151,3,5,25.65
C163,3,45,30
C075,3,2,3
C226,3,36,25.65
C081,3,23,16.2
C164,3,76,56.7
C235,3,1,9.45
C195,3,4,3
C209,3,13,11
C205,3,10,26
C046,3,0,9.45
C232,3,57,63.45
C236,3,31,24
C101,3,8,46
C140,3,44,39
C187,3,79,60.75
C261,3,57,43.2
C126,3,6,56.7
C088,3,5,12
C225,3,22,21.6
C098,3,44,46
C224,3,28,28
C143,3,28,66.15
C148,3,31,47.25
C206,3,8,17
C071,3,46,48.6
C082,3,20,43
C174,3,54,41.85
C108,3,43,31.05
C042,3,9,49
C230,3,0,1.35
C207,3,5,22.95
C147,3,22,39
C202,3,19,19
C025,3,82,64.8
C112,3,2,12
C245,3,14,13.5
C166,3,46,34
C159,3,7,27
C229,3,52,58.05
C007,3,8,8
C104,3,53,36
C057,3,31,37
C135,3,13,14
C146,3,54,37
C037,3,1,32.4
C132,3,48,41
C223,3,35,54
C055,3,11,19
C093,3,40,59.4
C027,3,0,0
C066,3,0,2
C003,3,10,22
C253,3,5,14.85
C124,3,17,19
C210,3,0,9
C183,3,15,12.15
C130,3,14,16
C168,3,6,17.55
C117,3,1,8.1
C243,3,1,8
C262,3,11,9
C173,3,27,19
C171,3,47,43
C045,3,10,37
C247,3,9,7
C186,3,3,22
C059,3,4,8
C090,3,5,46
C180,3,15,37.8
C105,3,11,15
C219,3,15,42
C019,3,13,24
C154,3,9,9
C215,3,4,24
C222,3,65,49.95
C092,3,8,8
C158,3,28,37.8
C252,3,3,4
C181,3,29,25
C197,3,13,44.55
C077,3,14,27
C248,3,31,31.05
C010,3,52,42
C179,3,6,10
C123,3,2,12.15
C260,3,11,15
C083,3,61,50
C184,3,4,2.7
C051,3,35,41
C064,3,5,6
C099,3,14,13.5
C198,3,58,46
C134,3,6,47
C137,3,0,0
C039,3,6,60.75
C231,3,59,44
C162,3,10,37
C011,3,0,0
C220,3,11,22
C021,3,79,54
C241,3,14,13
C041,3,7,17
C102,3,25,32
C034,3,45,54
C188,3,26,18.9
C133,3,51,55.35
C136,3,52,35.1
C026,3,22,22.95
C016,3,3,31
C128,3,2,32
C240,3,18,20
C234,3,40,50
C031,3,37,44
C053,3,0,5
C032,3,18,36.45
C054,3,4,12
C015,3,7,51.3
C017,3,8,10.8
C255,3,32,25.65
C150,3,20,35
C167,3,44,34
C014,3,6,4.05
C127,3,39,28.35
C058,3,8,52.65
C109,3,45,43.2
C022,3,8,6
C196,3,8,7
C211,3,28,19
C065,3,3,18.9
C047,3,4,66.15
C125,3,0,3
C246,3,8,9
C199,3,50,40.5
C160,3,32,24
C182,3,1,29
C048,3,9,14.85
C107,3,3,2
C165,3,30,31.05
C256,3,13,10
C030,3,0,6
C242,3,42,48
C002,3,13,29.7
C035,3,7,27
C023,3,21,27
C200,3,6,5
C009,3,70,49
C251,3,52,47.25
C129,3,26,41
C095,3,10,7
C122,3,33,28
C204,3,41,29
C113,3,17,43.2
C050,3,23,47
C131,3,8,35
C052,3,50,41
C218,3,4,4
C062,3,32,33.75
C087,3,1,5
C194,3,21,40.5
C084,3,5,24
C018,3,38,36.45
C106,3,43,47
C152,3,17,15
C192,3,21,17
C239,3,0,0
C063,3,34,40.5
C012,3,0,0
C258,4,35,32.4
C212,4,0,1.35
C177,4,20,21.6
C191,4,1,1
C144,4,4,6
C085,4,15,29.7
C190,4,17,29
C008,4,6,4
C138,4,12,36
C257,4,0,33.75
C073,4,38,39
C024,4,11,11
C114,4,5,5
C067,4,65,50
C178,4,5,6
C119,4,5,26
C244,4,31,38
C069,4,20,18
C110,4,28,25
C044,4,62,43
C049,4,15,39
C142,4,20,18
C185,4,6,14.85
C060,4,1,15
C141,4,20,34
C038,4,1,3
C043,4,1,32
C072,4,1,48
C097,4,35,37
C238,4,8,13
C145,4,33,37
C203,4,0,2.7
C029,4,18,12
C100,4,2,33
C233,4,4,6
C221,4,55,43
C068,4,1,1
C116,4,16,43
C056,4,30,50
C070,4,24,48
C249,4,5,21
C157,4,6,33
C004,4,66,55.35
C170,4,4,47
C175,4,3,21
C161,4,46,67.5
C250,4,17,23
C103,4,10,27
C094,4,39,38
C139,4,10,8.1
C005,4,6,12
C263,4,29,52.65
C096,4,0,45
C214,4,16,20
C033,4,27,44.55
C259,4,4,4
C228,4,6,6
C079,4,48,41
C118,4,0,1
C156,4,20,20
C149,4,21,29
C227,4,7,37.8
C006,4,9,31.05
C086,4,37,25
C089,4,25,31
C172,4,62,49
C169,4,20,16.2
C153,4,38,28
C115,4,0,3
C013,4,17,52.65
C080,4,41,41
C213,4,2,35.1
C001,4,20,36
C076,4,7,30
C217,4,1,7
C078,4,19,48
C091,4,37,28.35
C193,4,39,42
C036,4,33,22.95
C176,4,9,6.75
C111,4,12,29.7
C121,4,11,38
C208,4,33,29
C040,4,34,49
C254,4,20,15
C216,4,61,43
C061,4,18,49
C120,4,4,4.05
C020,4,12,16
C237,4,22,15
C155,4,0,29
C074,4,34,45
C201,4,9,9.45
C028,4,57,45.9
C189,4,19,25
C151,4,5,19
C163,4,78,55.35
C075,4,6,8
C226,4,19,33.75
C081,4,0,2
C164,4,87,59.4
C235,4,4,18.9
C195,4,2,46
C209,4,7,11
C205,4,24,23
C046,4,2,8.1
C232,4,20,48
C236,4,24,18
C101,4,45,44
C140,4,32,37
C187,4,8,23
C261,4,46,45
C126,4,10,47
C088,4,25,43.2
C225,4,26,23
C098,4,58,43.2
C224,4,81,66.15
C143,4,66,44.55
C148,4,13,29
C206,4,43,29
C071,4,38,32
C082,4,16,12
C174,4,9,8
C108,4,27,31
C042,4,15,66.15
C230,4,15,29
C207,4,6,7
C147,4,4,5
C202,4,17,35.1
C025,4,53,37
C112,4,16,48.6
C245,4,1,9
C166,4,15,63.45
C159,4,9,17.55
C229,4,1,2
C007,4,0,0
C104,4,9,10
C057,4,4,5
C135,4,5,31
C146,4,39,37
C037,4,32,45
C132,4,2,11
C223,4,62,62.1
C055,4,11,60.75
C093,4,31,29
C027,4,6,50
C066,4,10,45
C003,4,10,8
C253,4,7,12.15
C124,4,49,36.45
C210,4,66,60.75
C183,4,27,39
C130,4,29,37
C168,4,5,16
C117,4,15,33
C243,4,0,22.95
C262,4,26,21
C173,4,13,9
C171,4,9,49
C045,4,0,16
C247,4,19,38
C186,4,0,1
C059,4,8,25
C090,4,43,34
C180,4,0,0
C105,4,11,15
C219,4,27,26
C019,4,4,6.75
C154,4,18,38
C215,4,11,17.55
C222,4,2,7
C092,4,22,32
C158,4,0,13
C252,4,1,1.35
C181,4,6,10.8
C197,4,22,33
C077,4,12,33
C248,4,11,45.9
C010,4,23,50
C179,4,8,42
C123,4,40,34
C260,4,3,7
C083,4,18,22
C184,4,2,9
C051,4,8,35
C064,4,4,7
C099,4,13,12.15
C198,4,21,17.55
C134,4,5,42
C137,4,27,31
C039,4,36,25
C231,4,71,50
C162,4,2,4
C011,4,68,62.1
C220,4,14,25.65
C021,4,18,29
C241,4,69,54
C041,4,10,8
C102,4,4,6
C034,4,2,2.7
C188,4,46,41
C133,4,27,45
C136,4,11,14.85
C026,4,11,15
C016,4,1,22.95
C128,4,10,32
C240,4,55,38
C234,4,2,4.05
C031,4,8,42
C053,4,54,38
C032,4,32,46
C054,4,24,36
C015,4,10,11
C017,4,0,1
C255,4,75,63.45
C150,4,4,52.65
C167,4,0,1
C014,4,1,1.35
C127,4,0,1
C058,4,11,8.1
C109,4,0,2
C022,4,34,33.75
C196,4,4,4
C211,4,29,22
C065,4,14,40
C047,4,8,24
C125,4,5,10
C246,4,54,36.45
C199,4,19,16.2
C160,4,3,33
C182,4,2,2.7
C048,4,23,33
C107,4,15,14
C165,4,46,58.05
C256,4,3,5.4
C030,4,39,36.45
C242,4,44,33.75
C002,4,14,32
C035,4,45,41
C023,4,11,24
C200,4,14,11
C009,4,44,34
C251,4,28,22
C129,4,26,23
C095,4,44,43
C122,4,17,16
C204,4,2,22
C113,4,43,48
C050,4,13,11
C131,4,11,12.15
C052,4,1,8.1
C218,4,13,36
C062,4,44,47.25
C087,4,32,24.3
C194,4,0,14.85
C084,4,73,54
C018,4,7,5
C106,4,1,9
C152,4,11,23
C192,4,59,56.7
C239,4,17,19
C063,4,21,31
C012,4,10,35
C258,5,7,21
C212,5,19,47.25
C177,5,3,7
C191,5,21,15
C144,5,13,16
C085,5,56,42
C190,5,15,15
C008,5,11,18.9
C138,5,3,24
C257,5,9,21
C073,5,18,14
C024,5,27,59.4
C114,5,9,7
C067,5,35,49.95
C178,5,32,25.65
C119,5,8,7
C244,5,16,47.25
C069,5,13,9
C110,5,86,60.75
C044,5,2,7
C049,5,42,33.75
C142,5,40,39.15
C185,5,7,10
C060,5,21,48
C141,5,11,18.9
C038,5,4,25
C043,5,5,4.05
C072,5,18,50
C097,5,50,36
C238,5,20,44.55
C145,5,0,0
C203,5,2,3
C029,5,10,18
C100,5,5,13.5
C233,5,28,31
C221,5,10,22
C068,5,6,47
C116,5,39,29
C056,5,10,29
C070,5,3,8
C249,5,9,13
C157,5,53,48
C004,5,1,5.4
C170,5,9,12
C175,5,7,31
C161,5,39,59.4
C250,5,29,60.75
C103,5,20,17.55
C094,5,30,20
C139,5,13,49
C005,5,37,37.8
C263,5,6,19
C096,5,41,33
C214,5,1,8.1
C033,5,27,19
C259,5,42,37.8
C228,5,17,27
C079,5,73,51.3
C118,5,30,27
C156,5,9,16.2
C149,5,31,35
C227,5,28,32
C006,5,11,11
C086,5,31,41.85
C089,5,15,12
C172,5,28,18.9
C169,5,27,27
C153,5,7,5
C115,5,11,17
C013,5,37,28.35
C080,5,13,16
C213,5,21,48.6
C001,5,6,10
C076,5,15,60.75
C217,5,21,48
C078,5,1,46
C091,5,11,44.55
C193,5,23,16
C036,5,1,2
C176,5,38,60.75
C111,5,1,6
C121,5,27,18.9
C208,5,16,40
C040,5,4,3
C254,5,31,50
C216,5,56,51.3
C061,5,4,49
C120,5,37,49
C020,5,33,50
C237,5,8,29.7
C155,5,36,31.05
C074,5,4,4
C201,5,1,38
C028,5,1,1.35
C189,5,3,14.85
C151,5,0,9.45
C163,5,12,8
C075,5,67,49.95
C226,5,72,63.45
C081,5,35,36.45
C164,5,42,47
C235,5,1,5
C195,5,32,47
C209,5,33,27
C205,5,93,62.1
C046,5,60,41
C232,5,53,45
C236,5,6,9.45
C101,5,30,32.4
C140,5,24,36.45
C187,5,8,7
C261,5,0,0
C126,5,49,41.85
C088,5,44,29.7
C225,5,36,47
C098,5,19,42
C224,5,10,12
C143,5,5,22.95
C148,5,55,46
C206,5,26,40.5
C071,5,64,63.45
C082,5,33,28.35
C174,5,12,20
C108,5,6,4
C042,5,25,48
C230,5,35,35.1
C207,5,32,28.35
C147,5,6,55.35
C202,5,0,1
C025,5,52,35
C112,5,13,12.15
C245,5,29,23
C166,5,32,49
C159,5,56,50
C229,5,29,20.25
C007,5,36,63.45
C104,5,13,24
C057,5,36,38
C135,5,33,49.95
C146,5,0,10
C037,5,90,64.8
C132,5,14,43.2
C223,5,6,12
C055,5,28,33.75
C093,5,19,33
C027,5,13,25
C066,5,1,1.35
C003,5,12,48
C253,5,0,4.05
C124,5,2,33
C210,5,2,47
C183,5,10,16
C130,5,4,5.4
C168,5,1,15
C117,5,14,31.05
C243,5,2,21.6
C262,5,3,2.7
C173,5,7,39.15
C171,5,15,35
C045,5,4,3
C247,5,9,10
C186,5,32,50
C059,5,0,1
C090,5,47,35
C180,5,52,52.65
C105,5,38,30
C219,5,0,47.25
C019,5,17,28
C154,5,51,44.55
C215,5,3,2.7
C222,5,10,7
C092,5,20,39
C158,5,38,40.5
C252,5,8,9.45
C181,5,50,56.7
C197,5,11,17.55
C077,5,54,38
C248,5,40,33
C010,5,41,28.35
C179,5,26,29
C123,5,24,36
C260,5,22,26
C083,5,23,44.55
C184,5,34,47
C051,5,40,48
C064,5,55,39
C099,5,47,46
C198,5,0,0
C134,5,24,27
C137,5,26,35
C039,5,10,11
C231,5,11,9.45
C162,5,6,31
C011,5,12,41
C220,5,50,56.7
C021,5,17,18.9
C241,5,17,54
C041,5,20,25
C102,5,11,11
C034,5,26,28.35
C188,5,31,43
C133,5,4,2.7
C136,5,10,8
C026,5,2,10
C016,5,60,42
C128,5,1,29
C240,5,31,33
C234,5,61,41.85
C031,5,4,3
C053,5,28,49
C032,5,67,47.25
C054,5,3,49.95
C015,5,15,31.05
C017,5,20,46
C255,5,13,17
C150,5,35,35.1
C167,5,15,27
C014,5,30,49.95
C127,5,4,17
C058,5,19,16
C109,5,1,1
C022,5,80,55.35
C196,5,6,9
C211,5,0,2
C065,5,22,19
C047,5,18,48.6
C125,5,20,24.3
C246,5,26,39.15
C199,5,2,66.15
C160,5,13,50
C182,5,9,14.85
C048,5,64,45
C107,5,38,46
C165,5,0,5
C256,5,14,35
C030,5,25,28
C242,5,16,31
C002,5,34,32
C035,5,35,31
C023,5,59,47.25
C200,5,69,66.15
C009,5,69,47
C251,5,5,4
C129,5,13,10
C095,5,13,36
C122,5,44,43
C204,5,7,7
C113,5,1,2
C050,5,3,41
C131,5,13,13.5
C052,5,26,24.3
C218,5,3,3
C062,5,39,32.4
C087,5,33,32.4
C194,5,18,35
C084,5,6,39.15
C018,5,9,32.4
C106,5,34,26
C152,5,0,38
C192,5,40,32
C239,5,43,45
C063,5,25,22
C012,5,40,50
C258,6,44,31
C212,6,52,40.5
C177,6,1,1
C191,6,29,39.15
C144,6,1,8
C085,6,0,9
C190,6,54,47
C008,6,15,12
C138,6,6,48
C257,6,12,60.75
C073,6,37,33
C024,6,0,37
C114,6,19,17
C067,6,26,27
C178,6,27,26
C119,6,20,36.45
C244,6,17,20
C069,6,9,20.25
C110,6,45,39.15
C044,6,10,22.95
C049,6,4,17
C142,6,34,40
C185,6,44,43
C060,6,5,6.75
C141,6,0,2.7
C038,6,10,11
C043,6,10,39
C072,6,25,39
C097,6,22,34
C238,6,14,13.5
C145,6,4,5
C203,6,8,49.95
C029,6,75,64.8
C100,6,2,7
C233,6,0,0
C221,6,35,30
C068,6,12,22.95
C116,6,15,10
C056,6,19,66.15
C070,6,13,18.9
C249,6,23,38
C157,6,28,32
C004,6,8,10.8
C170,6,64,49
C175,6,60,49
C161,6,24,37
C250,6,44,36
C103,6,0,9
C094,6,29,48
C139,6,68,47
C005,6,15,29
C263,6,81,54
C096,6,1,2.7
C214,6,3,6
C033,6,12,11
C259,6,0,0
C228,6,26,36.45
C079,6,51,50
C118,6,5,4.05
C156,6,25,54
C149,6,4,19
C227,6,11,27
C006,6,1,15
C086,6,1,59.4
C089,6,6,4.05
C172,6,20,29.7
C169,6,6,9
C153,6,51,35.1
C115,6,62,51.3
C013,6,36,33
C080,6,3,5
C213,6,17,28.35
C001,6,60,63.45
C076,6,34,51.3
C217,6,67,48
C078,6,1,8.1
C091,6,47,44
C193,6,3,20
C036,6,6,9.45
C176,6,10,16
C111,6,60,45
C121,6,7,28
C208,6,5,12
C040,6,67,62.1
C254,6,3,5
C216,6,2,14
C061,6,17,20
C120,6,9,17
C020,6,3,7
C237,6,3,9
C155,6,24,36.45
C074,6,14,40
C201,6,0,0
C028,6,10,22
C189,6,57,41
C151,6,35,40
C163,6,14,35
C075,6,55,49
C226,6,41,38
C081,6,0,4
C164,6,1,1.35
C235,6,1,47
C195,6,7,9.45
C209,6,1,1.35
C205,6,47,43.2
C046,6,13,9.45
C232,6,1,40.5
C236,6,62,44
C101,6,12,36
C140,6,45,30
C187,6,0,0
C261,6,6,4.05
C126,6,33,29
C088,6,60,43
C225,6,3,36
C098,6,49,54
C224,6,23,18
C143,6,36,33.75
C148,6,18,36
C206,6,28,22
C071,6,10,10.8
C082,6,9,13.5
C174,6,4,10.8
C108,6,17,21
C042,6,11,10.8
C230,6,51,49
C207,6,0,2
C147,6,21,27
C202,6,4,4
C025,6,18,41.85
C112,6,4,6
C245,6,17,35
C166,6,3,24
C159,6,16,16
C229,6,18,15
C007,6,10,7
C104,6,54,45.9
C057,6,30,31
C135,6,91,64.8
C146,6,1,11
C037,6,9,36.45
C132,6,31,32
C223,6,22,38
C055,6,26,18
C093,6,37,33.75
C027,6,0,35
C066,6,22,28
C003,6,3,6.75
C253,6,6,39
C124,6,41,28.35
C210,6,4,8
C183,6,6,6
C130,6,16,38
C168,6,19,24
C117,6,31,30
C243,6,16,24.3
C262,6,44,37
C173,6,36,46
C171,6,30,31.05
C045,6,56,45
C247,6,25,27
C186,6,46,38
C059,6,2,6.75
C090,6,50,47.25
C180,6,1,18.9
C105,6,9,8
C219,6,26,24
C019,6,21,34
C154,6,3,9
C215,6,1,1
C222,6,1,1.35
C092,6,0,0
C158,6,46,45.9
C252,6,34,49.95
C181,6,30,26
C197,6,17,50
C077,6,8,38
C248,6,33,34
C010,6,35,32
C179,6,39,29
C123,6,6,5
C260,6,3,25
C083,6,31,24.3
C184,6,1,4
C051,6,37,46
C064,6,0,1.35
C099,6,8,18
C198,6,60,43
C134,6,20,18.9
C137,6,0,0
C039,6,24,37.8
C231,6,13,22
C162,6,5,6.75
C011,6,16,12
C220,6,12,42
C021,6,20,14
C241,6,5,5.4
C041,6,58,52.65
C102,6,34,26
C034,6,6,12
C188,6,0,1.35
C133,6,96,66.15
C136,6,3,18
C026,6,51,38
C016,6,50,66.15
C128,6,4,12
C240,6,14,31
C234,6,36,46
C031,6,52,38
C053,6,12,10
C032,6,0,0
C054,6,0,1
C015,6,5,9
C017,6,5,5
C255,6,22,45
C150,6,1,17.55
C167,6,3,4
C014,6,11,18.9
C127,6,0,9.45
C058,6,67,47
C109,6,10,63.45
C022,6,1,2
C196,6,36,36.45
C211,6,36,27
C065,6,4,10
C047,6,7,45
C125,6,31,33
C246,6,24,50
C199,6,6,43
C160,6,12,10
C182,6,24,27
C048,6,9,25
C107,6,11,31
C165,6,22,37.8
C256,6,2,7
C030,6,7,6
C242,6,9,34
C002,6,22,43.2
C035,6,0,0
C023,6,43,31
C200,6,3,16
C009,6,1,1.35
C251,6,15,12
C129,6,3,23
C095,6,14,12.15
C122,6,37,26
C204,6,13,17.55
C113,6,38,67.5
C050,6,24,36
C131,6,28,29
C052,6,64,47
C218,6,45,36
C062,6,72,62.1
C087,6,0,32
C194,6,41,58.05
C084,6,26,47.25
C018,6,32,36.45
C106,6,13,25
C152,6,37,35.1
C192,6,13,55.35
C239,6,25,20
C063,6,5,18
C012,6,3,2
C258,7,6,21.6
C212,7,18,48.6
C177,7,3,26
C191,7,5,9
C144,7,24,41.85
C085,7,20,35
C190,7,38,56.7
C008,7,31,40
C138,7,27,21.6
C257,7,15,24.3
C073,7,68,64.8
C024,7,9,23
C114,7,0,18
C067,7,65,44.55
C178,7,10,36.45
C119,7,0,0
C244,7,43,35.1
C069,7,0,12.15
C110,7,11,10.8
C044,7,5,7
C049,7,2,2
C142,7,25,44.55
C185,7,65,48
C060,7,9,54
C141,7,5,19
C038,7,15,11
C043,7,13,20.25
C072,7,23,50
C097,7,10,9
C238,7,8,17
C145,7,0,2.7
C203,7,19,16.2
C029,7,21,15
C100,7,24,19
C233,7,4,44
C221,7,2,6
C068,7,57,41.85
C116,7,8,17
C056,7,36,49.95
C070,7,7,31
C249,7,26,27
C157,7,0,0
C004,7,0,0
C170,7,19,23
C175,7,23,44
C161,7,39,43.2
C250,7,5,6.75
C103,7,2,2.7
C094,7,2,4
C139,7,26,20.25
C005,7,8,9.45
C263,7,3,39.15
C096,7,2,8.1
C214,7,25,42
C033,7,25,24
C259,7,4,2.7
C228,7,47,45.9
C079,7,0,0
C118,7,28,38
C156,7,39,34
C149,7,6,12
C227,7,25,36
C006,7,11,8
C086,7,45,44
C089,7,6,8
C172,7,25,22
C169,7,31,23
C153,7,27,37
C115,7,5,14
C013,7,1,17.55
C080,7,34,48.6
C213,7,0,1.35
C001,7,29,39.15
C076,7,66,44
C217,7,23,23
C078,7,26,29
C091,7,1,13
C193,7,7,31
C036,7,15,16.2
C176,7,17,17
C111,7,11,25
C121,7,27,25
C208,7,34,33
C040,7,1,6
C254,7,35,49.95
C216,7,9,10
C061,7,52,51.3
C120,7,25,46
C020,7,97,64.8
C237,7,61,41
C155,7,0,0
C074,7,50,36
C201,7,36,45.9
C028,7,29,37.8
C189,7,31,62.1
C151,7,41,29.7
C163,7,20,21.6
C075,7,25,28
C226,7,46,39
C081,7,3,26
C164,7,3,5.4
C235,7,12,13
C195,7,5,28
C209,7,8,24.3
C205,7,25,29.7
C046,7,10,56.7
C232,7,21,52.65
C236,7,8,26
C101,7,5,24.3
C140,7,17,39
C187,7,69,55.35
C261,7,0,0
C126,7,11,17
C088,7,2,17
C225,7,4,46
C098,7,4,17
C224,7,32,26
C143,7,5,12.15
C148,7,18,22
C206,7,19,40
C071,7,7,43
C082,7,0,0
C174,7,3,20.25
C108,7,4,12
C042,7,60,41.85
C230,7,10,42
C207,7,6,20.25
C147,7,12,17.55
C202,7,8,47
C025,7,13,64.8
C112,7,29,49.95
C245,7,3,19
C166,7,14,22.95
C159,7,24,51.3
C229,7,4,25
C007,7,0,0
C104,7,71,49.95
C057,7,8,13.5
C135,7,7,12.15
C146,7,7,59.4
C037,7,25,58.05
C132,7,16,16
C223,7,46,31.05
C055,7,63,63.45
C093,7,29,36
C027,7,29,42
C066,7,1,10.8
C003,7,8,41
C253,7,3,2.7
C124,7,7,6
C210,7,32,24
C183,7,2,41.85
C130,7,28,20
C168,7,9,9
C117,7,34,47.25
C243,7,0,0
C262,7,10,6.75
C173,7,53,47.25
C171,7,59,43
C045,7,33,33.75
C247,7,31,35
C186,7,50,50
C059,7,9,35.1
C090,7,56,41.85
C180,7,88,67.5
C105,7,18,31
C219,7,7,6.75
C019,7,7,63.45
C154,7,0,1.35
C215,7,78,52.65
C222,7,5,4
C092,7,45,30
C158,7,13,16
C252,7,12,9
C181,7,51,34
C197,7,3,8.1
C077,7,14,10
C248,7,20,49
C010,7,4,24.3
C179,7,9,59.4
C123,7,36,47.25
C260,7,5,37
C083,7,2,14
C184,7,4,8.1
C051,7,1,1
C064,7,18,18.9
C099,7,4,13
C198,7,25,32
C134,7,39,38
C137,7,48,44.55
C039,7,55,42
C231,7,13,40
C162,7,72,63.45
C011,7,4,8.1
C220,7,0,6
C021,7,1,1.35
C241,7,8,35.1
C041,7,23,17
C102,7,9,59.4
C034,7,4,15
C188,7,15,24.3
C133,7,5,11
C136,7,7,6.75
C026,7,39,60.75
C016,7,9,24
C128,7,7,35.1
C240,7,13,22
C234,7,0,0
C031,7,31,35.1
C053,7,0,17.55
C032,7,0,14
C054,7,72,63.45
C015,7,44,32
C017,7,42,42
C255,7,4,25.65
C150,7,0,16
C167,7,8,30
C014,7,0,3
C127,7,6,36
C058,7,14,24.3
C109,7,46,33
C022,7,0,0
C196,7,16,32
C211,7,48,50
C065,7,51,50
C047,7,14,25.65
C125,7,35,38
C246,7,66,44
C199,7,17,24
C160,7,20,24.3
C182,7,11,22.95
C048,7,9,14.85
C107,7,2,8
C165,7,8,6
C256,7,17,17.55
C030,7,21,15
C242,7,38,39
C002,7,0,36
C035,7,12,17
C023,7,28,31.05
C200,7,43,55.35
C009,7,6,6.75
C251,7,61,58.05
C129,7,28,46
C095,7,0,0
C122,7,12,13.5
C204,7,5,8.1
C113,7,25,28.35
C050,7,3,13
C131,7,22,22
C052,7,33,33
C218,7,70,67.5
C062,7,6,37
C087,7,93,63.45
C194,7,22,37
C084,7,3,8
C018,7,8,10
C106,7,26,42
C152,7,16,25.65
C192,7,4,23
C239,7,24,32
C063,7,35,29.7
C012,7,23,48
C258,8,57,44
C212,8,9,6.75
C177,8,1,44
C191,8,2,24
C144,8,50,34
C085,8,30,43
C190,8,6,47.25
C008,8,28,22
C138,8,8,27
C257,8,21,40
C073,8,23,38
C024,8,7,9.45
C114,8,93,62.1
C067,8,15,20
C178,8,63,62.1
C119,8,41,44
C244,8,93,66.15
C069,8,21,26
C110,8,42,48
C044,8,3,14
C049,8,61,48
C142,8,0,9.45
C185,8,4,17.55
C060,8,57,66.15
C141,8,34,51.3
C038,8,3,2
C043,8,21,14.85
C072,8,2,40
C097,8,38,40
C238,8,57,44.55
C145,8,4,5.4
C203,8,9,23
C029,8,29,29.7
C100,8,62,44
C233,8,14,36.45
C221,8,0,29
C068,8,0,2
C116,8,7,5
C056,8,46,49.95
C070,8,1,8
C249,8,11,13.5
C157,8,14,21
C004,8,1,39.15
C170,8,1,9
C175,8,54,42
C161,8,4,6
C250,8,2,2
C103,8,4,14.85
C094,8,2,1.35
C139,8,35,32
C005,8,0,0
C263,8,7,6
C096,8,1,2.7
C214,8,15,43
C033,8,39,60.75
C259,8,11,24.3
C228,8,65,47
C079,8,4,47
C118,8,4,5
C156,8,11,9.45
C149,8,24,25
C227,8,32,36.45
C006,8,14,20
C086,8,20,33
C089,8,16,25.65
C172,8,11,39.15
C169,8,5,25
C153,8,22,35
C115,8,12,60.75
C013,8,37,52.65
C080,8,5,8
C213,8,14,32.4
C001,8,8,10.8
C076,8,9,8.1
C217,8,0,8
C078,8,4,25
C091,8,43,35
C193,8,16,28
C036,8,6,13
C176,8,25,37
C111,8,13,20
C121,8,18,18.9
C208,8,6,32
C040,8,44,47
C254,8,17,64.8
C216,8,2,6.75
C061,8,50,59.4
C120,8,1,28
C020,8,18,48
C237,8,3,33.75
C155,8,2,40
C074,8,18,21
C201,8,15,21
C028,8,40,48
C189,8,3,6
C151,8,12,18
C163,8,52,52.65
C075,8,4,35.1
C226,8,44,34
C081,8,3,20
C164,8,41,49
C235,8,6,10
C195,8,13,17
C209,8,36,32
C205,8,3,44
C046,8,76,52.65
C232,8,6,16
C236,8,6,56.7
C101,8,95,66.15
C140,8,7,12
C187,8,17,34
C261,8,14,52.65
C126,8,21,38
C088,8,0,9.45
C225,8,36,28
C098,8,12,48
C224,8,14,16
C143,8,73,50
C148,8,48,37.8
C206,8,0,21
C071,8,7,48
C082,8,18,21
C174,8,19,47
C108,8,10,48
C042,8,6,16
C230,8,91,67.5
C207,8,45,31
C147,8,20,14
C202,8,45,55.35
C025,8,27,40
C112,8,6,34
C245,8,20,64.8
C166,8,72,49
C159,8,14,36
C229,8,9,14
C007,8,2,13.5
C104,8,9,10
C057,8,36,41
C135,8,5,11
C146,8,13,31.05
C037,8,39,39.15
C132,8,10,10
C223,8,4,6
C055,8,12,23
C093,8,1,2
C027,8,31,21
C066,8,4,3
C003,8,20,36.45
C253,8,1,1
C124,8,32,41.85
C210,8,20,45.9
C183,8,24,16
C130,8,11,20
C168,8,58,39
C117,8,36,33.75
C243,8,30,21
C262,8,35,48.6
C173,8,63,49.95
C171,8,58,42
C045,8,16,24.3
C247,8,74,66.15
C186,8,33,24
C059,8,37,33
C090,8,19,14
C180,8,21,32
C105,8,30,29.7
C219,8,15,11
C019,8,9,13.5
C154,8,4,15
C215,8,8,6
C222,8,1,8.1
C092,8,3,11
C158,8,17,23
C252,8,0,10.8
C181,8,43,36
C197,8,13,13.5
C077,8,17,16
C248,8,30,31
C010,8,7,48
C179,8,7,62.1
C123,8,40,48
C260,8,25,40.5
C083,8,10,45
C184,8,7,11
C051,8,42,47.25
C064,8,12,67.5
C099,8,53,49
C198,8,12,13.5
C134,8,37,37
C137,8,24,35
C039,8,2,1.35
C231,8,0,0
C162,8,6,14
C011,8,0,0
C220,8,0,0
C021,8,24,25
C241,8,0,12
C041,8,0,39
C102,8,0,0
C034,8,13,10
C188,8,10,29.7
C133,8,39,28.35
C136,8,57,44
C026,8,24,47.25
C016,8,50,44
C128,8,0,1
C240,8,24,36.45
C234,8,7,20
C031,8,50,38
C053,8,8,36
C032,8,0,2
C054,8,28,42
C015,8,4,7
C017,8,8,9
C255,8,31,31
C150,8,24,38
C167,8,4,5
C014,8,19,21.6
C127,8,47,41.85
C058,8,14,42
C109,8,13,43
C022,8,5,21
C196,8,47,32.4
C211,8,1,2.7
C065,8,4,41
C047,8,32,47
C125,8,1,2
C246,8,0,5.4
C199,8,37,37.8
C160,8,20,14.85
C182,8,14,20
C048,8,26,29
C107,8,26,31.05
C165,8,22,23
C256,8,49,47
C030,8,46,67.5
C242,8,9,9
C002,8,14,13
C035,8,44,32.4
C023,8,80,56.7
C200,8,24,38
C009,8,65,49.95
C251,8,16,14
C129,8,3,13
C095,8,3,2
C122,8,48,41.85
C204,8,34,30
C113,8,0,0
C050,8,6,4
C131,8,49,44
C052,8,18,45
C218,8,0,8
C062,8,3,2
C087,8,19,13.5
C194,8,23,16.2
C084,8,24,30
C018,8,4,19
C106,8,17,22
C152,8,0,10
C192,8,6,17.55
C239,8,26,36
C063,8,8,8.1
C012,8,85,63.45
C258,9,0,2
C212,9,14,48
C177,9,27,39
C191,9,0,18
C144,9,17,66.15
C085,9,25,17.55
C190,9,28,21.6
C008,9,31,31.05
C138,9,56,43
C257,9,28,21
C073,9,1,1
C024,9,3,2
C114,9,12,47
C067,9,37,36
C178,9,5,8.1
C119,9,13,31
C244,9,2,29.7
C069,9,8,26
C110,9,51,43.2
C044,9,32,41
C049,9,1,3
C142,9,12,13.5
C185,9,32,24.3
C060,9,3,11
C141,9,23,35.1
C038,9,2,21
C043,9,37,35.1
C072,9,45,54
C097,9,7,19
C238,9,51,58.05
C145,9,1,1
C203,9,8,7
C029,9,15,11
C100,9,11,8
C233,9,10,43.2
C221,9,30,48
C068,9,50,36
C116,9,32,44
C056,9,12,10
C070,9,7,36
C249,9,4,17
C157,9,2,4.05
C004,9,58,54
C170,9,12,60.75
C175,9,23,16
C161,9,2,2
C250,9,14,10.8
C103,9,46,54
C094,9,15,10
C139,9,36,66.15
C005,9,13,18.9
C263,9,31,29
C096,9,29,26
C214,9,12,16.2
C033,9,6,9
C259,9,40,33
C228,9,58,41
C079,9,7,59.4
C118,9,29,22.95
C156,9,4,4.05
C149,9,25,64.8
C227,9,58,39
C006,9,26,22.95
C086,9,8,14.85
C089,9,64,59.4
C172,9,46,41
C169,9,5,19
C153,9,24,32.4
C115,9,15,21.6
C013,9,3,29
C080,9,4,32.4
C213,9,23,20
C001,9,9,6
C076,9,18,17.55
C217,9,28,18.9
C078,9,20,36.45
C091,9,14,20.25
C193,9,5,12.15
C036,9,2,10
C176,9,15,45
C111,9,64,45.9
C121,9,52,55.35
C208,9,48,36.45
C040,9,4,10.8
C254,9,13,9
C216,9,11,49
C061,9,69,47.25
C120,9,6,6.75
C020,9,24,20
C237,9,0,25.65
C155,9,1,51.3
C074,9,24,23
C201,9,4,23
C028,9,9,13.5
C189,9,35,27
C151,9,15,34
C163,9,57,48
C075,9,46,38
C226,9,45,33
C081,9,18,37.8
C164,9,1,21.6
C235,9,2,8
C195,9,27,42
C209,9,3,4
C205,9,67,48
C046,9,3,10.8
C232,9,6,23
C236,9,22,19
C101,9,13,16.2
C140,9,88,66.15
C187,9,86,60.75
C261,9,20,21
C126,9,1,9.45
C088,9,24,31
C225,9,15,17.55
C098,9,1,1
C224,9,1,45.9
C143,9,19,22.95
C148,9,32,27
C206,9,12,14.85
C071,9,1,2
C082,9,13,22
C174,9,2,48.6
C108,9,25,63.45
C042,9,29,33
C230,9,1,55.35
C207,9,23,48
C147,9,20,38
C202,9,18,15
C025,9,19,15
C112,9,7,6
C245,9,0,3
C166,9,54,36
C159,9,4,35
C229,9,42,36
C007,9,5,37
C104,9,15,22.95
C057,9,0,0
C135,9,50,66.15
C146,9,39,30
C037,9,56,45
C132,9,0,0
C223,9,5,13
C055,9,34,36.45
C093,9,3,21
C027,9,17,33.75
C066,9,58,40
C003,9,26,67.5
C253,9,2,5.4
C124,9,27,39
C210,9,15,34
C183,9,18,13
C130,9,18,24
C168,9,23,35
C117,9,63,50
C243,9,25,20.25
C262,9,5,47
C173,9,0,25
C171,9,5,7
C045,9,14,9.45
C247,9,8,12
C186,9,4,3
C059,9,1,33
C090,9,3,6.75
C180,9,3,4
C105,9,12,29
C219,9,86,60.75
C019,9,23,45.9
C154,9,29,41
C215,9,2,8.1
C222,9,3,32
C092,9,36,48
C158,9,51,37
C252,9,39,33
C181,9,2,9.45
C197,9,41,48.6
C077,9,7,48.6
C248,9,6,10
C010,9,22,31
C179,9,19,14
C123,9,19,44
C260,9,1,4
C083,9,58,64.8
C184,9,6,6
C051,9,43,39
C064,9,36,41
C099,9,0,44
C198,9,14,12
C134,9,17,23
C137,9,19,26
C039,9,12,8
C231,9,15,39.15
C162,9,89,60.75
C011,9,9,35
C220,9,5,21
C021,9,7,9
C241,9,32,32.4
C041,9,5,23
C102,9,13,10
C034,9,27,47
C188,9,70,51.3
C133,9,0,3
C136,9,1,10.8
C026,9,22,30
C016,9,50,41.85
C128,9,44,32.4
C240,9,7,9
C234,9,0,1
C031,9,68,67.5
C053,9,10,14.85
C032,9,84,62.1
C054,9,80,55.35
C015,9,17,52.65
C017,9,22,25
C255,9,7,9.45
C150,9,24,36
C167,9,19,29
C014,9,42,41
C127,9,63,59.4
C058,9,15,37
C109,9,56,54
C022,9,12,9.45
C196,9,6,48
C211,9,68,49
C065,9,6,45.9
C047,9,12,47.25
C125,9,32,38
C246,9,26,20
C199,9,8,6.75
C160,9,32,27
C182,9,12,54
C048,9,2,20
C107,9,6,37
C165,9,7,25.65
C256,9,56,40
C030,9,3,56.7
C242,9,4,9
C002,9,9,9.45
C035,9,7,31
C023,9,6,41
C200,9,24,41.85
C009,9,9,9
C251,9,32,22
C129,9,24,20
C095,9,1,2
C122,9,12,38
C204,9,9,12.15
C113,9,26,48.6
C050,9,41,43
C131,9,16,13
C052,9,0,0
C218,9,35,24.3
C062,9,44,38
C087,9,10,13
C194,9,41,46
C084,9,1,17
C018,9,2,20
C106,9,0,0
C152,9,52,48.6
C192,9,19,59.4
C239,9,8,45
C063,9,7,6.75
C012,9,8,6
C258,10,27,36
C212,10,12,43.2
C177,10,1,58.05
C191,10,7,9.45
C144,10,37,49.95
C085,10,1,2
C190,10,86,64.8
C008,10,6,10
C138,10,19,56.7
C257,10,85,59.4
C073,10,10,14.85
C024,10,1,2.7
C114,10,39,32
C067,10,0,2
C178,10,39,31
C119,10,22,54
C244,10,14,39.15
C069,10,45,39
C110,10,16,35
C044,10,0,1
C049,10,7,5.4
C142,10,23,22.95
C185,10,53,55.35
C060,10,7,9.45
C141,10,1,1.35
C038,10,5,10
C043,10,0,21
C072,10,4,10
C097,10,18,21.6
C238,10,31,38
C145,10,29,58.05
C203,10,13,55.35
C029,10,7,26
C100,10,11,12
C233,10,52,55.35
C221,10,4,5
C068,10,44,67.5
C116,10,0,20
C056,10,16,16.2
C070,10,0,33
C249,10,42,47
C157,10,75,58.05
C004,10,3,4
C170,10,45,30
C175,10,15,12.15
C161,10,7,40.5
C250,10,3,9.45
C103,10,38,49.95
C094,10,19,49
C139,10,2,25
C005,10,1,5
C263,10,10,8.1
C096,10,45,41
C214,10,1,4
C033,10,25,48
C259,10,33,34
C228,10,21,45.9
C079,10,26,17.55
C118,10,34,38
C156,10,0,0
C149,10,34,33
C227,10,44,41
C006,10,0,0
C086,10,25,20
C089,10,6,6
C172,10,15,39.15
C169,10,39,33.75
C153,10,21,67.5
C115,10,44,30
C013,10,2,3
C080,10,1,18
C213,10,0,49.95
C001,10,4,26
C076,10,3,40.5
C217,10,39,27
C078,10,16,42
C091,10,36,27
C193,10,19,27
C036,10,72,56.7
C176,10,20,23
C111,10,17,19
C121,10,5,14
C208,10,34,28
C040,10,56,44
C254,10,54,36
C216,10,84,62.1
C061,10,2,41.85
C120,10,33,39.15
C020,10,7,39
C237,10,1,6
C155,10,25,35.1
C074,10,0,2
C201,10,13,25
C028,10,65,48
C189,10,14,37.8
C151,10,40,31
C163,10,13,9
C075,10,5,11
C226,10,11,29.7
C081,10,11,8
C164,10,2,13
C235,10,97,64.8
C195,10,7,7
C209,10,14,33.75
C205,10,12,8
C046,10,64,55.35
C232,10,12,38
C236,10,80,64.8
C101,10,10,8.1
C140,10,1,4
C187,10,46,51.3
C261,10,6,16
C126,10,10,9
C088,10,5,4
C225,10,37,60.75
C098,10,2,2
C224,10,7,8
C143,10,37,25.65
C148,10,46,40.5
C206,10,0,0
C071,10,16,21.6
C082,10,24,48
C174,10,57,43
C108,10,13,17.55
C042,10,25,38
C230,10,39,42
C207,10,27,50
C147,10,15,43
C202,10,30,40.5
C025,10,15,46
C112,10,0,0
C245,10,24,20
C166,10,16,12.15
C159,10,17,29
C229,10,20,17.55
C007,10,32,40
C104,10,8,49
C057,10,0,11
C135,10,40,54
C146,10,51,38
C037,10,21,15
C132,10,14,13.5
C223,10,60,41.85
C055,10,44,30
C093,10,50,41
C027,10,1,1
C066,10,6,44.55
C003,10,43,41.85
C253,10,3,14
C124,10,17,15
C210,10,18,29
C183,10,30,56.7
C130,10,24,38
C168,10,29,27
C117,10,0,19
C243,10,44,48
C262,10,14,46
C173,10,12,32.4
C171,10,0,18.9
C045,10,0,1.35
C247,10,2,6
C186,10,5,22
C059,10,9,18.9
C090,10,1,2
C180,10,12,29.7
C105,10,25,58.05
C219,10,7,40
C019,10,58,39
C154,10,3,3
C215,10,1,9.45
C222,10,8,17.55
C092,10,52,39
C158,10,0,31
C252,10,18,22.95
C181,10,34,26
C197,10,3,21.6
C077,10,43,35
C248,10,5,28
C010,10,20,58.05
C179,10,6,31
C123,10,0,0
C260,10,33,35
C083,10,4,67.5
C184,10,9,13
C051,10,11,10
C064,10,59,42
C099,10,14,10
C198,10,16,22.95
C134,10,38,41
C137,10,9,7
C039,10,53,55.35
C231,10,4,23
C162,10,7,6
C011,10,0,0
C220,10,4,22
C021,10,32,21.6
C241,10,40,33.75
C041,10,34,29.7
C102,10,75,52.65
C034,10,8,12
C188,10,0,24.3
C133,10,15,46
C136,10,17,58.05
C026,10,0,3
C016,10,2,4
C128,10,27,64.8
C240,10,35,34
C234,10,8,6
C031,10,34,40
C053,10,33,25
C032,10,34,25
C054,10,52,42
C015,10,46,36.45
C017,10,4,7
C255,10,5,5
C150,10,21,21.6
C167,10,49,46
C014,10,0,3
C127,10,11,29
C058,10,0,0
C109,10,11,8.1
C022,10,18,33
C196,10,2,8.1
C211,10,0,0
C065,10,2,17.55
C047,10,1,9
C125,10,6,5.4
C246,10,28,32
C199,10,24,21
C160,10,18,18
C182,10,37,29.7
C048,10,9,7
C107,10,9,19
C165,10,11,48
C256,10,2,16.2
C030,10,67,59.4
C242,10,17,13
C002,10,55,45
C035,10,15,11
C023,10,39,28
C200,10,25,31
C009,10,3,7
C251,10,33,37
C129,10,46,49.95
C095,10,18,32.4
C122,10,93,66.15
C204,10,16,22
C113,10,19,20.25
C050,10,4,2.7
C131,10,2,3
C052,10,27,43
C218,10,32,41
C062,10,9,52.65
C087,10,2,16
C194,10,1,3
C084,10,15,14
C018,10,38,38
C106,10,11,55.35
C152,10,1,1.35
C192,10,24,49
C239,10,53,37
C063,10,5,44.55
C012,10,28,47
C258,11,6,4
C212,11,67,63.45
C177,11,21,37.8
C191,11,7,6
C144,11,3,17
C085,11,17,26
C190,11,24,44
C008,11,30,33.75
C138,11,7,13.5
C257,11,22,43
C073,11,60,46
C024,11,45,40
C114,11,10,9
C067,11,58,62.1
C178,11,11,36.45
C119,11,37,29.7
C244,11,12,16
C069,11,46,36
C110,11,0,2.7
C044,11,29,40
C049,11,22,47
C142,11,41,31
C185,11,20,31
C060,11,8,14
C141,11,1,1
C038,11,26,33
C043,11,8,17
C072,11,2,10.8
C097,11,8,40
C238,11,5,18.9
C145,11,27,44.55
C203,11,27,30
C029,11,5,42
C100,11,3,2
C233,11,12,13
C221,11,8,7
C068,11,6,7
C116,11,45,41
C056,11,88,59.4
C070,11,61,54
C249,11,47,41
C157,11,1,1.35
C004,11,6,14
C170,11,58,45.9
C175,11,58,60.75
C161,11,54,41
C250,11,39,38
C103,11,41,40
C094,11,58,44
C139,11,24,18
C005,11,25,30
C263,11,38,41
C096,11,19,40
C214,11,2,20
C033,11,18,21
C259,11,59,58.05
C228,11,17,67.5
C079,11,5,30
C118,11,4,29.7
C156,11,22,17
C149,11,53,37.8
C227,11,0,60.75
C006,11,6,33
C086,11,27,47
C089,11,59,40.5
C172,11,34,36
C169,11,6,14
C153,11,29,26
C115,11,38,67.5
C013,11,21,43
C080,11,47,32
C213,11,6,39
C001,11,26,21.6
C076,11,39,35.1
C217,11,90,64.8
C078,11,30,20.25
C091,11,7,6
C193,11,3,16.2
C036,11,4,19
C176,11,27,19
C111,11,5,41.85
C121,11,21,19
C208,11,0,2
C040,11,49,34
C254,11,5,8.1
C216,11,38,30
C061,11,21,42
C120,11,5,39.15
C020,11,27,27
C237,11,30,32.4
C155,11,10,27
C074,11,56,58.05
C201,11,24,16
C028,11,10,11
C189,11,70,56.7
C151,11,16,30
C163,11,36,36.45
C075,11,44,45.9
C226,11,31,31
C081,11,1,6.75
C164,11,15,21
C235,11,4,2.7
C195,11,56,41.85
C209,11,28,33
C205,11,5,22
C046,11,7,40
C232,11,10,26
C236,11,3,2
C101,11,1,5
C140,11,34,27
C187,11,15,23
C261,11,3,33
C126,11,6,21.6
C088,11,34,25
C225,11,9,36
C098,11,35,43
C224,11,9,17.55
C143,11,49,64.8
C148,11,16,22.95
C206,11,0,22
C071,11,2,30
C082,11,42,44
C174,11,13,9.45
C108,11,48,55.35
C042,11,16,10.8
C230,11,36,26
C207,11,14,51.3
C147,11,47,54
C202,11,30,32.4
C025,11,2,3
C112,11,15,26
C245,11,42,33.75
C166,11,6,5.4
C159,11,2,20
C229,11,12,48
C007,11,10,29
C104,11,15,23
C057,11,24,24
C135,11,92,63.45
C146,11,38,45.9
C037,11,6,4
C132,11,42,66.15
C223,11,57,49
C055,11,76,52.65
C093,11,0,0
C027,11,15,21.6
C066,11,18,18
C003,11,3,5
C253,11,1,4.05
C124,11,42,42
C210,11,9,23
C183,11,9,9
C130,11,37,31
C168,11,41,37.8
C117,11,34,37.8
C243,11,12,26
C262,11,36,28
C173,11,14,10
C171,11,27,32
C045,11,5,43
C247,11,3,5.4
C186,11,29,32.4
C059,11,60,45.9
C090,11,0,4
C180,11,20,18.9
C105,11,31,37
C219,11,8,5.4
C019,11,6,10.8
C154,11,11,44
C215,11,31,25.65
C222,11,37,34
C092,11,13,44.55
C158,11,88,67.5
C252,11,12,9
C181,11,5,25
C197,11,58,44.55
C077,11,4,25.65
C248,11,46,41
C010,11,3,34
C179,11,30,36
C123,11,10,14
C260,11,26,18
C083,11,12,37
C184,11,4,6
C051,11,6,6
C064,11,30,29
C099,11,5,13
C198,11,1,1
C134,11,46,49
C137,11,8,31
C039,11,3,9.45
C231,11,15,32.4
C162,11,3,41
C011,11,14,36
C220,11,11,8
C021,11,39,35
C241,11,25,39
C041,11,13,44
C102,11,17,14
C034,11,0,4
C188,11,8,44
C133,11,75,60.75
C136,11,41,31
C026,11,15,17
C016,11,50,39.15
C128,11,18,18
C240,11,12,31.05
C234,11,2,46
C031,11,17,48.6
C053,11,72,66.15
C032,11,62,42
C054,11,52,41.85
C015,11,2,32
C017,11,18,14.85
C255,11,0,1
C150,11,1,49
C167,11,1,12
C014,11,14,14.85
C127,11,2,3
C058,11,6,16
C109,11,4,2.7
C022,11,18,32
C196,11,5,4
C211,11,23,16.2
C065,11,40,28
C047,11,24,51.3
C125,11,46,54
C246,11,16,66.15
C199,11,29,22.95
C160,11,13,9
C182,11,58,64.8
C048,11,29,60.75
C107,11,16,16
C165,11,19,59.4
C256,11,46,50
C030,11,8,45
C242,11,57,54
C002,11,1,3
C035,11,2,1.35
C023,11,3,18.9
C200,11,95,63.45
C009,11,34,34
C251,11,24,21
C129,11,7,14
C095,11,46,39
C122,11,17,32.4
C204,11,25,43
C113,11,9,9
C050,11,4,10
C131,11,8,12
C052,11,9,8
C218,11,7,44.55
C062,11,7,37.8
C087,11,23,36.45
C194,11,9,18
C084,11,18,21
C018,11,0,27
C106,11,2,7
C152,11,12,10
C192,11,11,43.2
C239,11,15,10
C063,11,65,48
C012,11,6,37
C258,12,21,39
C212,12,17,13
C177,12,5,11
C191,12,27,51.3
C144,12,41,60.75
C085,12,12,63.45
C190,12,32,25
C008,12,24,19
C138,12,29,36
C257,12,13,11
C073,12,17,34
C024,12,19,16
C114,12,2,2
C067,12,49,36.45
C178,12,18,47
C119,12,9,13.5
C244,12,12,41.85
C069,12,22,41
C110,12,27,23
C044,12,6,9
C049,12,1,2
C142,12,4,4
C185,12,5,6.75
C060,12,63,44
C141,12,44,39
C038,12,0,29.7
C043,12,18,20.25
C072,12,0,2
C097,12,28,47
C238,12,71,58.05
C145,12,21,31
C203,12,10,7
C029,12,2,5
C100,12,61,43.2
C233,12,13,58.05
C221,12,4,12.15
C068,12,45,45
C116,12,16,14
C056,12,0,0
C070,12,25,34
C249,12,3,16.2
C157,12,17,44.55
C004,12,30,67.5
C170,12,78,60.75
C175,12,56,51.3
C161,12,17,13
C250,12,17,17.55
C103,12,0,0
C094,12,2,17
C139,12,11,50
C005,12,19,14.85
C263,12,21,32
C096,12,0,5.4
C214,12,5,48.6
C033,12,43,36.45
C259,12,5,6
C228,12,24,23
C079,12,74,51.3
C118,12,4,32
C156,12,6,34
C149,12,79,58.05
C227,12,76,51.3
C006,12,19,32
C086,12,3,21
C089,12,5,17.55
C172,12,14,13
C169,12,17,22
C153,12,18,22
C115,12,58,56.7
C013,12,71,52.65
C080,12,0,1.35
C213,12,14,39.15
C001,12,14,35.1
C076,12,67,47.25
C217,12,39,49
C078,12,6,49
C091,12,24,29.7
C193,12,21,29
C036,12,17,19
C176,12,31,33.75
C111,12,3,20.25
C121,12,32,44
C208,12,31,45.9
C040,12,3,2.7
C254,12,22,45.9
C216,12,6,28
C061,12,33,40.5
C120,12,77,58.05
C020,12,42,33.75
C237,12,2,2.7
C155,12,54,38
C074,12,30,38
C201,12,34,48
C028,12,65,45
C189,12,17,28.35
C151,12,25,48
C163,12,7,6
C075,12,57,40.5
C226,12,5,7
C081,12,64,50
C164,12,34,54
C235,12,34,49.95
C195,12,8,37
C209,12,2,6
C205,12,26,18
C046,12,0,0
C232,12,3,8.1
C236,12,9,22
C101,12,32,34
C140,12,20,25
C187,12,15,13
C261,12,35,31
C126,12,21,27
C088,12,3,2
C225,12,44,33.75
C098,12,46,36
C224,12,30,25.65
C143,12,40,39
C148,12,45,30
C206,12,15,14.85
C071,12,43,33.75
C082,12,6,8.1
C174,12,47,67.5
C108,12,0,1.35
C042,12,22,62.1
C230,12,39,38
C207,12,12,14.85
C147,12,7,6
C202,12,17,15
C025,12,91,66.15
C112,12,2,9.45
C245,12,11,8.1
C166,12,14,49
C159,12,0,0
C229,12,71,66.15
C007,12,1,24
C104,12,52,37
C057,12,12,48
C135,12,33,40
C146,12,1,10.8
C037,12,2,2
C132,12,32,35.1
C223,12,0,13
C055,12,4,7
C093,12,23,24
C027,12,22,29
C066,12,4,5
C003,12,19,64.8
C253,12,36,43.2
C124,12,24,34
C210,12,4,10
C183,12,6,6
C130,12,5,5
C168,12,68,48
C117,12,0,1
C243,12,0,0
C262,12,21,42
C173,12,11,63.45
C171,12,7,21
C045,12,1,12
C247,12,17,13
C186,12,40,33.75
C059,12,1,9
C090,12,23,20.25
C180,12,3,6
C105,12,12,18.9
C219,12,20,28.35
C019,12,46,38
C154,12,1,31
C215,12,3,49
C222,12,59,43
C092,12,2,9.45
C158,12,6,9
C252,12,17,29.7
C181,12,25,44
C197,12,26,21
C077,12,9,36.45
C248,12,13,27
C010,12,6,7
C179,12,36,41.85
C123,12,0,9
C260,12,43,35
C083,12,20,33
C184,12,41,39.15
C051,12,31,48
C064,12,12,29.7
C099,12,4,39.15
C198,12,33,51.3
C134,12,66,47
C137,12,29,45.9
C039,12,4,28
C231,12,0,6.75
C162,12,37,25.65
C011,12,2,16
C220,12,35,30
C021,12,0,4
C241,12,7,28.35
C041,12,10,42
C102,12,41,32
C034,12,26,64.8
C188,12,13,10.8
C133,12,78,63.45
C136,12,3,4.05
C026,12,12,34
C016,12,1,2
C128,12,4,3
C240,12,60,44
C234,12,32,42
C031,12,4,28.35
C053,12,6,40.5
C032,12,18,23
C054,12,0,6
C015,12,42,47
C017,12,14,10
C255,12,2,8.1
C150,12,20,15
C167,12,15,31
C014,12,9,27
C127,12,28,20
C058,12,72,59.4
C109,12,21,39.15
C022,12,3,17.55
C196,12,34,43
C211,12,40,41
C065,12,15,36
C047,12,3,40
C125,12,26,55.35
C246,12,0,24.3
C199,12,19,45
C160,12,63,47
C182,12,37,25
C048,12,2,29
C107,12,15,31.05
C165,12,30,23
C256,12,11,8.1
C030,12,33,42
C242,12,24,41
C002,12,3,25
C035,12,17,21
C023,12,59,48.6
C200,12,5,18.9
C009,12,33,28.35
C251,12,30,28
C129,12,29,60.75
C095,12,44,51.3
C122,12,1,14.85
C204,12,16,48
C113,12,10,11
C050,12,39,49.95
C131,12,4,28.35
C052,12,0,0
C218,12,29,23
C062,12,4,13.5
C087,12,7,19
C194,12,5,17
C084,12,5,8
C018,12,3,19
C106,12,4,12
C152,12,43,45
C192,12,38,25.65
C239,12,8,14.85
C063,12,1,14
C012,12,20,27
